{
  "total_return": 0.13693162243243728,
  "annual_return": 0.39436243151406347,
  "max_drawdown": 0.27001427841342873,
  "sharpe": 0.798875203942605,
  "sortino": 0.7130758375595557,
  "calmar": 0.5071273387356807,
  "gross_win_rate": 0.4,
  "net_win_rate": 0.4,
  "num_trades": 10,
  "avg_trade": 0.020528649165723577,
  "median_trade": 0.0,
  "avg_holding_period": "5 days 00:00:00",
  "median_holding_period": "5 days 00:00:00",
  "profit_factor": 1.7602801335672853,
  "net_profit_factor": 1.758147599083214,
  "expectancy": 0.020528649165723577,
  "long_win_rate": 0.8,
  "short_win_rate": NaN,
  "long_avg_trade": 0.04105729833144715,
  "short_avg_trade": NaN,
  "long_median_trade": 0.07216119493313793,
  "short_median_trade": NaN,
  "num_long_trades": 5,
  "num_short_trades": 0,
  "note": "np.nan means metric is undefined due to insufficient data."
}