{
  "total_return": 0.003977595668976264,
  "annual_return": 0.010336281731802455,
  "max_drawdown": 0.018003259467836832,
  "sharpe": -0.4996476454494374,
  "sortino": -0.3807519318000879,
  "calmar": 0.22093752945583628,
  "gross_win_rate": 0.2,
  "net_win_rate": 0.2,
  "num_trades": 5,
  "avg_trade": -0.0006531437663313229,
  "median_trade": 0.0,
  "avg_holding_period": "2 days 12:00:00",
  "median_holding_period": "2 days 12:00:00",
  "profit_factor": 0.818604023483032,
  "net_profit_factor": 0.8085582964872163,
  "expectancy": -0.0006531437663313229,
  "long_win_rate": 0.5,
  "short_win_rate": NaN,
  "long_avg_trade": -0.001632859415828307,
  "short_avg_trade": NaN,
  "long_median_trade": -0.001632859415828307,
  "short_median_trade": NaN,
  "num_long_trades": 2,
  "num_short_trades": 0,
  "note": "np.nan means metric is undefined due to insufficient data."
}